Question,Answer,Image
Who is this?,新垣結衣,"<img src=""image/female/japan/1-100/新垣結衣.png"">"
Who is this?,北川景子,"<img src=""image/female/japan/1-100/北川景子.png"">"
Who is this?,井上真央,"<img src=""image/female/japan/1-100/井上真央.png"">"
Who is this?,本田翼,"<img src=""image/female/japan/1-100/本田翼.png"">"
Who is this?,有村架純,"<img src=""image/female/japan/1-100/有村架純.png"">"
Who is this?,戸田恵梨香,"<img src=""image/female/japan/1-100/戸田恵梨香.png"">"
Who is this?,堀北真希,"<img src=""image/female/japan/1-100/堀北真希.png"">"
Who is this?,石原さとみ,"<img src=""image/female/japan/1-100/石原さとみ.png"">"
Who is this?,桐谷美玲,"<img src=""image/female/japan/1-100/桐谷美玲.png"">"
Who is this?,のん（能年玲奈）,"<img src=""image/female/japan/1-100/のん（能年玲奈）.png"">"
Who is this?,広瀬すず,"<img src=""image/female/japan/1-100/広瀬すず.png"">"
Who is this?,長澤まさみ,"<img src=""image/female/japan/1-100/長澤まさみ.png"">"
Who is this?,綾瀬はるか,"<img src=""image/female/japan/1-100/綾瀬はるか.png"">"
Who is this?,吉高由里子,"<img src=""image/female/japan/1-100/吉高由里子.png"">"
Who is this?,武井咲,"<img src=""image/female/japan/1-100/武井咲.png"">"
Who is this?,前田敦子,"<img src=""image/female/japan/1-100/前田敦子.png"">"
Who is this?,大島優子,"<img src=""image/female/japan/1-100/大島優子.png"">"
Who is this?,川口春奈,"<img src=""image/female/japan/1-100/川口春奈.png"">"
Who is this?,多部未華子,"<img src=""image/female/japan/1-100/多部未華子.png"">"
Who is this?,宮﨑あおい,"<img src=""image/female/japan/1-100/宮﨑あおい.png"">"
Who is this?,土屋太鳳,"<img src=""image/female/japan/1-100/土屋太鳳.png"">"
Who is this?,新川優愛,"<img src=""image/female/japan/1-100/新川優愛.png"">"
Who is this?,松岡茉優,"<img src=""image/female/japan/1-100/松岡茉優.png"">"
Who is this?,香里奈,"<img src=""image/female/japan/1-100/香里奈.png"">"
Who is this?,志田未来,"<img src=""image/female/japan/1-100/志田未来.png"">"
Who is this?,大原櫻子,"<img src=""image/female/japan/1-100/大原櫻子.png"">"
Who is this?,深田恭子,"<img src=""image/female/japan/1-100/深田恭子.png"">"
Who is this?,上戸彩,"<img src=""image/female/japan/1-100/上戸彩.png"">"
Who is this?,佐々木希,"<img src=""image/female/japan/1-100/佐々木希.png"">"
Who is this?,川島海荷,"<img src=""image/female/japan/1-100/川島海荷.png"">"
Who is this?,北乃きい,"<img src=""image/female/japan/1-100/北乃きい.png"">"
Who is this?,木村文乃,"<img src=""image/female/japan/1-100/木村文乃.png"">"
Who is this?,瀧本美織,"<img src=""image/female/japan/1-100/瀧本美織.png"">"
Who is this?,満島ひかり,"<img src=""image/female/japan/1-100/満島ひかり.png"">"
Who is this?,榮倉奈々,"<img src=""image/female/japan/1-100/榮倉奈々.png"">"
Who is this?,松嶋菜々子,"<img src=""image/female/japan/1-100/松嶋菜々子.png"">"
Who is this?,沢尻エリカ,"<img src=""image/female/japan/1-100/沢尻エリカ.png"">"
Who is this?,YUI,"<img src=""image/female/japan/1-100/YUI.png"">"
Who is this?,柴咲コウ,"<img src=""image/female/japan/1-100/柴咲コウ.png"">"
Who is this?,上野樹里,"<img src=""image/female/japan/1-100/上野樹里.png"">"
Who is this?,比嘉愛未,"<img src=""image/female/japan/1-100/比嘉愛未.png"">"
Who is this?,永野芽郁,"<img src=""image/female/japan/1-100/永野芽郁.png"">"
Who is this?,板野友美,"<img src=""image/female/japan/1-100/板野友美.png"">"
Who is this?,芦田愛菜,"<img src=""image/female/japan/1-100/芦田愛菜.png"">"
Who is this?,竹内結子,"<img src=""image/female/japan/1-100/竹内結子.png"">"
Who is this?,剛力彩芽,"<img src=""image/female/japan/1-100/剛力彩芽.png"">"
Who is this?,夏帆,"<img src=""image/female/japan/1-100/夏帆.png"">"
Who is this?,大政絢,"<img src=""image/female/japan/1-100/大政絢.png"">"
Who is this?,仲間由紀恵,"<img src=""image/female/japan/1-100/仲間由紀恵.png"">"
Who is this?,相武紗季,"<img src=""image/female/japan/1-100/相武紗季.png"">"
Who is this?,黒島結菜,"<img src=""image/female/japan/1-100/黒島結菜.png"">"
Who is this?,黒木メイサ,"<img src=""image/female/japan/1-100/黒木メイサ.png"">"
Who is this?,平愛梨,"<img src=""image/female/japan/1-100/平愛梨.png"">"
Who is this?,橋本愛,"<img src=""image/female/japan/1-100/橋本愛.png"">"
Who is this?,西内まりや,"<img src=""image/female/japan/1-100/西内まりや.png"">"
Who is this?,上田眞央,"<img src=""image/female/japan/1-100/上田眞央.png"">"
Who is this?,桜庭ななみ,"<img src=""image/female/japan/1-100/桜庭ななみ.png"">"
Who is this?,倉科カナ,"<img src=""image/female/japan/1-100/倉科カナ.png"">"
Who is this?,加藤あい,"<img src=""image/female/japan/1-100/加藤あい.png"">"
Who is this?,米倉涼子,"<img src=""image/female/japan/1-100/米倉涼子.png"">"
Who is this?,山本美月,"<img src=""image/female/japan/1-100/山本美月.png"">"
Who is this?,浜辺美波,"<img src=""image/female/japan/1-100/浜辺美波.png"">"
Who is this?,杏,"<img src=""image/female/japan/1-100/杏.png"">"
Who is this?,高畑充希,"<img src=""image/female/japan/1-100/高畑充希.png"">"
Who is this?,菅野美穂,"<img src=""image/female/japan/1-100/菅野美穂.png"">"
Who is this?,広末涼子,"<img src=""image/female/japan/1-100/広末涼子.png"">"
Who is this?,市川由衣,"<img src=""image/female/japan/1-100/市川由衣.png"">"
Who is this?,仲里依紗,"<img src=""image/female/japan/1-100/仲里依紗.png"">"
Who is this?,吉川愛（吉田里琴）,"<img src=""image/female/japan/1-100/吉川愛（吉田里琴）.png"">"
Who is this?,橋本環奈,"<img src=""image/female/japan/1-100/橋本環奈.png"">"
Who is this?,天海祐希,"<img src=""image/female/japan/1-100/天海祐希.png"">"
Who is this?,小松菜奈,"<img src=""image/female/japan/1-100/小松菜奈.png"">"
Who is this?,二階堂ふみ,"<img src=""image/female/japan/1-100/二階堂ふみ.png"">"
Who is this?,深津絵里,"<img src=""image/female/japan/1-100/深津絵里.png"">"
Who is this?,吉瀬美智子,"<img src=""image/female/japan/1-100/吉瀬美智子.png"">"
Who is this?,小嶋陽菜,"<img src=""image/female/japan/1-100/小嶋陽菜.png"">"
Who is this?,島崎遥香,"<img src=""image/female/japan/1-100/島崎遥香.png"">"
Who is this?,南沢奈央,"<img src=""image/female/japan/1-100/南沢奈央.png"">"
Who is this?,篠原涼子,"<img src=""image/female/japan/1-100/篠原涼子.png"">"
Who is this?,木村多江,"<img src=""image/female/japan/1-100/木村多江.png"">"
Who is this?,山本彩,"<img src=""image/female/japan/1-100/山本彩.png"">"
Who is this?,宇野実彩子,"<img src=""image/female/japan/1-100/宇野実彩子.png"">"
Who is this?,岡本玲,"<img src=""image/female/japan/1-100/岡本玲.png"">"
Who is this?,吉本実憂,"<img src=""image/female/japan/1-100/吉本実憂.png"">"
Who is this?,蒼井優,"<img src=""image/female/japan/1-100/蒼井優.png"">"
Who is this?,松下奈緒,"<img src=""image/female/japan/1-100/松下奈緒.png"">"
Who is this?,波瑠,"<img src=""image/female/japan/1-100/波瑠.png"">"
Who is this?,広瀬アリス,"<img src=""image/female/japan/1-100/広瀬アリス.png"">"
Who is this?,水川あさみ,"<img src=""image/female/japan/1-100/水川あさみ.png"">"
Who is this?,篠田麻里子,"<img src=""image/female/japan/1-100/篠田麻里子.png"">"
Who is this?,キムラ緑子,"<img src=""image/female/japan/1-100/キムラ緑子.png"">"
Who is this?,栗山千明,"<img src=""image/female/japan/1-100/栗山千明.png"">"
Who is this?,真木よう子,"<img src=""image/female/japan/1-100/真木よう子.png"">"
Who is this?,中谷美紀,"<img src=""image/female/japan/1-100/中谷美紀.png"">"
Who is this?,三吉彩花,"<img src=""image/female/japan/1-100/三吉彩花.png"">"
Who is this?,芳根京子,"<img src=""image/female/japan/1-100/芳根京子.png"">"
Who is this?,常盤貴子,"<img src=""image/female/japan/1-100/常盤貴子.png"">"
Who is this?,ベッキー,"<img src=""image/female/japan/1-100/ベッキー.png"">"
Who is this?,安室奈美恵,"<img src=""image/female/japan/1-100/安室奈美恵.png"">"
Who is this?,石田ゆり子,"<img src=""image/female/japan/1-100/石田ゆり子.png"">"
